<?xml version="1.0" encoding="UTF-8" standalone="no"?>
<registration_data version="1.0">
   <environment>
      <hostname>bdomo-006</hostname>
      <hostId/>
      <osName>Windows 7</osName>
      <osVersion>6.1</osVersion>
      <osArchitecture>x86</osArchitecture>
      <systemModel>HP Z600 Workstation</systemModel>
      <systemManufacturer>Hewlett-Packard</systemManufacturer>
      <cpuManufacturer>GenuineIntel</cpuManufacturer>
      <serialNumber>2UA022161W</serialNumber>
   </environment>
   <registry urn="urn:st:907a5cdd-6908-40e0-a401-12289308914a" version="1.0">
      <service_tag>
         <instance_urn>urn:st:e2216605-cee9-49f7-a08e-a17c2a51a7ac</instance_urn>
         <product_name>Java SE 6 Runtime Environment</product_name>
         <product_version>1.6.0_27</product_version>
         <product_urn>urn:uuid:92d1de8c-1e59-42c6-a280-1c379526bcbc</product_urn>
         <product_parent_urn>urn:uuid:fdc90b21-018d-4cab-b866-612c7c119ed3</product_parent_urn>
         <product_parent>Java Platform Standard Edition 6 (Java SE 6)</product_parent>
         <product_defined_inst_id>id=1.6.0_27-b07 x86,dir=C:\Program Files (x86)\Java\jre6</product_defined_inst_id>
         <product_vendor>Sun Microsystems</product_vendor>
         <platform_arch>x86</platform_arch>
         <timestamp>2011-10-06 20:47:54 GMT</timestamp>
         <container>global</container>
         <source>Windows JRE installer</source>
         <installer_uid>-1</installer_uid>
      </service_tag>
   </registry>
</registration_data>
